CATEGORY,RSQA_VAR_NAME,VAR_DESC,EXTENT,UNITS,TEMPORAL,NOMINAL_RESOLUTION_SCALE,SOURCE_DATA,References,Notes,Method_Desc,METHOD_SIR2012_5194,METHOD_TOOLS
SITE,SITE_NO,U.S. Geological Survey (USGS) station number,Site,n/a,n/a,n/a,U.S. Geological Survey (USGS) National Water Information System (NWIS) database,"U.S. Geological Survey, 2016",,"Extracted from the U.S. Geological Survey (USGS) National Water Information System (NWIS) database, May 2, 2016",n/a,n/a
SITE,TSITE_NO,"U.S. Geological Survey (USGS) station number preceded with a ""T""",Site,n/a,n/a,n/a,Regional Stream Quality Assessment (RSQA) Project database,n/a,,"Extracted from the Regional Stream Quality Assessment (RSQA) Project Database, May 2, 2016",n/a,n/a
SITE,SHORT_NAME,U.S. Geological Survey (USGS) station name (short version),Site,n/a,n/a,n/a,Regional Stream Quality Assessment (RSQA) Project database,n/a,,"Extracted from the Regional Stream Quality Assessment (RSQA) Project Database, May 2, 2016",n/a,n/a
SITE,RSQA_STUDY,RSQA study in which the sampling site is located,Site,n/a,n/a,n/a,Regional Stream Quality Assessment (RSQA) Project database,n/a,,n/a,n/a,n/a
SITE,STATION_NM,U.S. Geological Survey (USGS) station name,Site,n/a,n/a,n/a,U.S. Geological Survey (USGS) National Water Information System (NWIS) database,"U.S. Geological Survey, 2016","U.S. Geological Survey (USGS) station names are a unique location description for the station number and identify water source in relation to another water source, road, or town.","Extracted from the U.S. Geological Survey (USGS) National Water Information System (NWIS) database, May 2, 2016",n/a,n/a
SITE,QW_LAT,Latitude of the water-quality (QW) sampling location (may be different than NWIS),Site,Decimal Degrees (NAD83),2013 to 2017,n/a,U.S. Geological Survey (USGS) National Water Information System (NWIS) database; Regional Stream Quality Assessment (RSQA) Project,"U.S. Geological Survey, 2016","For MSQA and SESQA studies, values are from NWIS (usually gage locations); for NESQA, PNSQA, and CSQA, values are from the location of water-quality sampling","Extracted from the U.S. Geological Survey (USGS) National Water Information System (NWIS) database, May 2, 2016 OR determined by Global Positioning System (GPS) at the location of water-quality sampling.",n/a,n/a
SITE,QW_LONG,Longitude of the water-quality (QW) sampling location (may be different than NWIS),Site,Decimal Degrees (NAD83),2013 to 2017,n/a,U.S. Geological Survey (USGS) National Water Information System (NWIS) database; Regional Stream Quality Assessment (RSQA) Project,"U.S. Geological Survey, 2016","For MSQA and SESQA studies, values are from NWIS (usually gage locations); for NESQA, PNSQA, and CSQA, values are from the location of water-quality sampling","Extracted from the U.S. Geological Survey (USGS) National Water Information System (NWIS) database, May 2, 2016 OR determined by Global Positioning System (GPS) at the location of water-quality sampling.",n/a,n/a
SITE,CSA_Name,"The ""Combined Statistical Area"" in which the site is located",Site,n/a,2017,unknown,"U.S. Census Bureau, combined statistical areas","U.S. Census Bureau, 2017a",,,Spatial join with points and polygons,Spatial Join
SITE,URBAN_CENTER,The closest large urban center based on the Combined Statistical Area,Site,n/a,2017,unknown,"U.S. Census Bureau, combined statistical areas","U.S. Census Bureau, 2017a",,,Spatial join with points and polygons combined with visual assignement in selected cases,Spatial Join
SITE,BasinGIS_km2,"Area of watershed draining to the water-chemistry site, derived from a GIS",Watershed,square kilometers,n/a,"varies from  1:24,000 to 1:100,000",GIS calculated,n/a,,"Extracted from the attribute table of the watershed boundaries shapefile (""RSQAWatersheds.shp"")",n/a,n/a
SITE,EcoReach_km,The length of the digitized reach from which the riparian zone buffers were created (defined as Log10 of the watershed area),Site,kilometers,n/a,n/a,Regional Stream Quality Assessment (RSQA) Project,n/a,"The length of the digitized riparian reach, represented by this variable, differs from the length of the sampled ecological reach. This riparian reach was digitized from imagery, starting from the most downstream end of the sampled ecological reach. The length of this digitized reach is equal to the base-10 logarithm of the watershed area of the water-quality site. ","Extracted from the attribute table of the riparian-zone boundaries shapefile (""RSQARiparianZones.shp"")",n/a,n/a
SITE,Elev_atQWsite,Elevation at the water-chemistry site,Site,meters,n/a,30 meter,"National Elevation Dataset, 30-m , included in NHDPlus V2","U.S. Environmental Protection Agency and U.S. Geological Survey, 2012",,The locations of the sites were intersected with the elevation dataset to determine the elevation at the site.,Simple (Point) Overlay,PointOverlayRasterToTable_nact
SITE,SITE_Ecoregions3_code,Level 3 Ecoregions classification code at the water-chemistry site,Site,n/a,n/a,"1:7,500,000",USEPA Ecoregions Level 3 Ecoregions,"U.S. Environmental Protection Agency, 2013",Ecoregion boundaries in the U.S. are updated periodically.,The locations of the water-chemistry sites were intersected with the ecoregions dataset to determine the ecoregions classification at the site.,Simple (Point) Overlay,PointOverlayPolygonToTable_nact
SITE,SITE_Ecoregions3_name,Level 3 Ecoregions name at the water-chemistry site,Site,n/a,n/a,"1:7,500,000",USEPA Ecoregions Level 3 Ecoregions,"U.S. Environmental Protection Agency, 2013",Ecoregion boundaries in the U.S. are updated periodically.,The locations of the water-chemistry sites were intersected with the ecoregions dataset to determine the ecoregions classification at the site.,Simple (Point) Overlay,PointOverlayPolygonToTable_nact
SITE,ECO_LAT (for Riparian data),Latitude of the Eco sampling location,Site,Decimal Degrees (NAD83),n/a,n/a,Regional Stream Quality Assessment (RSQA) Project,n/a,Values are from the most downstream transect (6 total transects along reach) where ecological data were collected,Determined by GPS at the most downstream location of ecological sampling.,n/a,n/a
SITE,ECO_LONG (for Riparian data),Longitude of the Eco sampling location,Site,Decimal Degrees (NAD83),n/a,n/a,Regional Stream Quality Assessment (RSQA) Project,n/a,Values are from the most downstream transect (6 total transects along reach) where ecological data were collected,Determined by GPS at the most downstream location of ecological sampling.,n/a,n/a
LAND COVER,DevelopedHigh2011,"Developed-high intensity, from NLCD 2011-class 24",Watershed,percent,Nominally 2011,30 meter,National Land Cover Dataset (NLCD),"Homer and others, 2015; U.S. Geological Survey, 2014a; Ministry of Forests, Lands, Natural Resource Operations and Rural Development, 2014","For these two watersheds (12212001 and 12212450), land-cover data was downloaded from British Columbia and are included in NLCD11 land-cover percentages for those watersheds.","Determined the number of grid cells classified as ""developed, high intensity"" in the watershed, divided this number by the number of 30-m resolution grid cells in the watershed, then multiplied the quotient by 100.",Simple (Areal) Overlay,TabulateFeaturesToPercent_nact
LAND COVER,DevelopedMed2011,"Developed-medium intensity, from NLCD 2011-class 23",Watershed,percent,Nominally 2011,30 meter,National Land Cover Dataset (NLCD),"Homer and others, 2015; U.S. Geological Survey, 2014a; Ministry of Forests, Lands, Natural Resource Operations and Rural Development, 2014","For these two watersheds (12212001 and 12212450), land-cover data was downloaded from British Columbia and are included in NLCD11 land-cover percentages for those watersheds.","Determined the number of grid cells classified as ""developed, medium intensity"" in the watershed, divided this number by the number of 30-m resolution grid cells in the watershed, then multiplied the quotient by 100.",Simple (Areal) Overlay,TabulateFeaturesToPercent_nact
LAND COVER,DevelopedLow2011,"Developed-low intensity, from NLCD 2011-class22",Watershed,percent,Nominally 2011,30 meter,National Land Cover Dataset (NLCD),"Homer and others, 2015; U.S. Geological Survey, 2014a; Ministry of Forests, Lands, Natural Resource Operations and Rural Development, 2014","For these two watersheds (12212001 and 12212450), land-cover data was downloaded from British Columbia and are included in NLCD11 land-cover percentages for those watersheds.","Determined the number of grid cells classified as ""developed, low intensity"" in the watershed, divided this number by the number of 30-m resolution grid cells in the watershed, then multiplied the quotient by 100.",Simple (Areal) Overlay,TabulateFeaturesToPercent_nact
LAND COVER,DevelopedOpen2011,"Developed-open space, from NLCD 2011-class 21",Watershed,percent,Nominally 2011,30 meter,National Land Cover Dataset (NLCD),"Homer and others, 2015; U.S. Geological Survey, 2014a; Ministry of Forests, Lands, Natural Resource Operations and Rural Development, 2014","For these two watersheds (12212001 and 12212450), land-cover data was downloaded from British Columbia and are included in NLCD11 land-cover percentages for those watersheds.","Determined the number of grid cells classified as ""developed, open"" in the watershed, divided this number by the number of 30-m resolution grid cells in the watershed, then multiplied the quotient by 100.",Simple (Areal) Overlay,TabulateFeaturesToPercent_nact
LAND COVER,BarrenLand2011,"Barren land, from NLCD 2011-class 31",Watershed,percent,Nominally 2011,30 meter,National Land Cover Dataset (NLCD),"Homer and others, 2015; U.S. Geological Survey, 2014a; Ministry of Forests, Lands, Natural Resource Operations and Rural Development, 2014","For these two watersheds (12212001 and 12212450), land-cover data was downloaded from British Columbia and are included in NLCD11 land-cover percentages for those watersheds.","Determined the number of grid cells classified as ""barren land (rock/sand/clay)"" in the watershed, divided this number by the number of 30-m resolution grid cells in the watershed, then multiplied the quotient by 100.",Simple (Areal) Overlay,TabulateFeaturesToPercent_nact
LAND COVER,DeciduousForest2011,"Deciduous forest, from NLCD 2011-class 41",Watershed,percent,Nominally 2011,30 meter,National Land Cover Dataset (NLCD),"Homer and others, 2015; U.S. Geological Survey, 2014a; Ministry of Forests, Lands, Natural Resource Operations and Rural Development, 2014","For these two watersheds (12212001 and 12212450), land-cover data was downloaded from British Columbia and are included in NLCD11 land-cover percentages for those watersheds.","Determined the number of grid cells classified as ""deciduous forest"" in the watershed, divided this number by the number of 30-m resolution grid cells in the watershed, then multiplied the quotient by 100.",Simple (Areal) Overlay,TabulateFeaturesToPercent_nact
LAND COVER,EvergreenForest2011,"Evergreen forest, from NLCD 2011-class 42",Watershed,percent,Nominally 2011,30 meter,National Land Cover Dataset (NLCD),"Homer and others, 2015; U.S. Geological Survey, 2014a; Ministry of Forests, Lands, Natural Resource Operations and Rural Development, 2014","For these two watersheds (12212001 and 12212450), land-cover data was downloaded from British Columbia and are included in NLCD11 land-cover percentages for those watersheds.","Determined the number of grid cells classified as ""evergreen forest"" in the watershed, divided this number by the number of 30-m resolution grid cells in the watershed, then multiplied the quotient by 100.",Simple (Areal) Overlay,TabulateFeaturesToPercent_nact
LAND COVER,MixedForest2011,"Mixed forest, from NLCD 2011-class 43",Watershed,percent,Nominally 2011,30 meter,National Land Cover Dataset (NLCD),"Homer and others, 2015; U.S. Geological Survey, 2014a; Ministry of Forests, Lands, Natural Resource Operations and Rural Development, 2014","For these two watersheds (12212001 and 12212450), land-cover data was downloaded from British Columbia and are included in NLCD11 land-cover percentages for those watersheds.","Determined the number of grid cells classified as ""mixed forest"" in the watershed, divided this number by the number of 30-m resolution grid cells in the watershed, then multiplied the quotient by 100.",Simple (Areal) Overlay,TabulateFeaturesToPercent_nact
LAND COVER,GrasslandHerb2011,"Grassland/herbaceous, from NLCD 2011-class 71",Watershed,percent,Nominally 2011,30 meter,National Land Cover Dataset (NLCD),"Homer and others, 2015; U.S. Geological Survey, 2014a; Ministry of Forests, Lands, Natural Resource Operations and Rural Development, 2014","For these two watersheds (12212001 and 12212450), land-cover data was downloaded from British Columbia and are included in NLCD11 land-cover percentages for those watersheds.","Determined the number of grid cells classified as ""grassland/herbaceous"" in the watershed, divided this number by the number of 30-m resolution grid cells in the watershed, then multiplied the quotient by 100.",Simple (Areal) Overlay,TabulateFeaturesToPercent_nact
LAND COVER,ShrubScrub2011,"Shrub/scrub, from NLCD 2011-class 52",Watershed,percent,Nominally 2011,30 meter,National Land Cover Dataset (NLCD),"Homer and others, 2015; U.S. Geological Survey, 2014a; Ministry of Forests, Lands, Natural Resource Operations and Rural Development, 2014","For these two watersheds (12212001 and 12212450), land-cover data was downloaded from British Columbia and are included in NLCD11 land-cover percentages for those watersheds.","Determined the number of grid cells classified as ""shrub/scrub"" in the watershed, divided this number by the number of 30-m resolution grid cells in the watershed, then multiplied the quotient by 100.",Simple (Areal) Overlay,TabulateFeaturesToPercent_nact
LAND COVER,CultivatedCrops2011,"Cultivated crops, from NLCD 2011-class 82",Watershed,percent,Nominally 2011,30 meter,National Land Cover Dataset (NLCD),"Homer and others, 2015; U.S. Geological Survey, 2014a; Ministry of Forests, Lands, Natural Resource Operations and Rural Development, 2014","For these two watersheds (12212001 and 12212450), land-cover data was downloaded from British Columbia and are included in NLCD11 land-cover percentages for those watersheds.","Determined the number of grid cells classified as ""cultivated crops"" in the watershed, divided this number by the number of 30-m resolution grid cells in the watershed, then multiplied the quotient by 100.",Simple (Areal) Overlay,TabulateFeaturesToPercent_nact
LAND COVER,PastureHay2011,"Pasture/hay, from NLCD 2011-class 81",Watershed,percent,Nominally 2011,30 meter,National Land Cover Dataset (NLCD),"Homer and others, 2015; U.S. Geological Survey, 2014a; Ministry of Forests, Lands, Natural Resource Operations and Rural Development, 2014","For these two watersheds (12212001 and 12212450), land-cover data was downloaded from British Columbia and are included in NLCD11 land-cover percentages for those watersheds.","Determined the number of grid cells classified as ""pasture/hay"" in the watershed, divided this number by the number of 30-m resolution grid cells in the watershed, then multiplied the quotient by 100.",Simple (Areal) Overlay,TabulateFeaturesToPercent_nact
LAND COVER,WoodyWetlands2011,"Woody wetlands, from NLCD 2011-class 90",Watershed,percent,Nominally 2011,30 meter,National Land Cover Dataset (NLCD),"Homer and others, 2015; U.S. Geological Survey, 2014a; Ministry of Forests, Lands, Natural Resource Operations and Rural Development, 2014","For these two watersheds (12212001 and 12212450), land-cover data was downloaded from British Columbia and are included in NLCD11 land-cover percentages for those watersheds.","Determined the number of grid cells classified as ""woody wetlands"" in the watershed, divided this number by the number of 30-m resolution grid cells in the watershed, then multiplied the quotient by 100.",Simple (Areal) Overlay,TabulateFeaturesToPercent_nact
LAND COVER,EmerHerbWetlands2011,"Emergent herbaceous wetlands, from NLCD 2011-class 95",Watershed,percent,Nominally 2011,30 meter,National Land Cover Dataset (NLCD),"Homer and others, 2015; U.S. Geological Survey, 2014a; Ministry of Forests, Lands, Natural Resource Operations and Rural Development, 2014","For these two watersheds (12212001 and 12212450), land-cover data was downloaded from British Columbia and are included in NLCD11 land-cover percentages for those watersheds.","Determined the number of grid cells classified as ""emergent herbaceous wetlands"" in the watershed, divided this number by the number of 30-m resolution grid cells in the watershed, then multiplied the quotient by 100.",Simple (Areal) Overlay,TabulateFeaturesToPercent_nact
LAND COVER,OpenWater2011,"Open water, from NLCD 2011-class 11",Watershed,percent,Nominally 2011,30 meter,National Land Cover Dataset (NLCD),"Homer and others, 2015; U.S. Geological Survey, 2014a; Ministry of Forests, Lands, Natural Resource Operations and Rural Development, 2014","For these two watersheds (12212001 and 12212450), land-cover data was downloaded from British Columbia and are included in NLCD11 land-cover percentages for those watersheds.","Determined the number of grid cells classified as ""open water"" in the watershed, divided this number by the number of 30-m resolution grid cells in the watershed, then multiplied the quotient by 100.",Simple (Areal) Overlay,TabulateFeaturesToPercent_nact
LAND COVER,SumAreaNLCD2011,"Sum of NLCD 2011 land area characterized, in square meters",Watershed,square meters,Nominally 2011,30 meter,National Land Cover Dataset (NLCD),"Homer and others, 2015; U.S. Geological Survey, 2014a; Ministry of Forests, Lands, Natural Resource Operations and Rural Development, 2014","For these two watersheds (12212001 and 12212450), land-cover data was downloaded from British Columbia and are included in NLCD11 land-cover percentages for those watersheds.",Determined by summing the area of all cells in the watershed,n/a,n/a
LAND COVER,Canopy2011,"Mean tree canopy, from NLCD 2011",Watershed,percent,Nominally 2011,30 meter,NLCD 2011 Percent Tree Canopy,"U.S. Geological Survey, 2014b",,Determined the mean value of the canopy grid cell values within the watershed,Simple (Areal) Overlay,FeatureStatisticsToTable_nact
LAND COVER,Imperviousness2001,"Mean developed imperviousness, from NLCD 2001 (2011 Edition)",Watershed,percent,Nominally 2001,30 meter,NLCD 2001 Percent Developed Imperviousness (2011 Edition),"Xian and others, 2011; U.S. Geological Survey,, 2014c",,Determined the mean value of the imperviousness grid cell values within the watershed,Simple (Areal) Overlay,FeatureStatisticsToTable_nact
LAND COVER,Imperviousness2006,"Mean developed imperviousness, from NLCD 2006 (2011 Edition)",Watershed,percent,Nominally 2006,30 meter,NLCD 2006  Percent Developed Imperviousness (2011 Edition),"Xian and others, 2011; U.S. Geological Survey,, 2014c",,Determined the mean value of the imperviousness grid cell values within the watershed,Simple (Areal) Overlay,FeatureStatisticsToTable_nact
LAND COVER,Imperviousness2011,"Mean developed imperviousness, from NLCD 2011",Watershed,percent,Nominally 2011,30 meter,NLCD 2011 Percent Developed Imperviousness,"Xian and others, 2011; U.S. Geological Survey,, 2014c",,Determined the mean value of the imperviousness grid cell values within the watershed,Simple (Areal) Overlay,FeatureStatisticsToTable_nact
LAND USE,Dev_CommServices2012,"Developed, commercial/services - from NWALT -class 22",Watershed,percent,2012,60 meter,U.S. conterminous wall-to-wall anthropogenic land use trends (NWALT),"Falcone, 2015",,"Determined the number of grid cells classified as ""Developed, Commercial/Services"" in the watershed, divided this number by the number of 60-m resolution grid cells in the watershed, then multiplied the quotient by 100.",Simple (Areal) Overlay,TabulateFeaturesToPercent_nact
LAND USE,Dev_IndusMilitary2012,"Developed, industrial/military - from NWALT -class 23",Watershed,percent,2012,60 meter,U.S. conterminous wall-to-wall anthropogenic land use trends (NWALT),"Falcone, 2015",,"Determined the number of grid cells classified as ""Developed, Industrial/Military"" in the watershed, divided this number by the number of 60-m resolution grid cells in the watershed, then multiplied the quotient by 100.",Simple (Areal) Overlay,TabulateFeaturesToPercent_nact
LAND USE,Dev_MajorTransp2012,"Developed, major transportation - from NWALT -class 21",Watershed,percent,2012,60 meter,U.S. conterminous wall-to-wall anthropogenic land use trends (NWALT),"Falcone, 2015",,"Determined the number of grid cells classified as ""Developed, Major Transportation"" in the watershed, divided this number by the number of 60-m resolution grid cells in the watershed, then multiplied the quotient by 100.",Simple (Areal) Overlay,TabulateFeaturesToPercent_nact
LAND USE,Dev_Other2012,"Developed, other - from NWALT -class 27",Watershed,percent,2012,60 meter,U.S. conterminous wall-to-wall anthropogenic land use trends (NWALT),"Falcone, 2015",,"Determined the number of grid cells classified as ""Developed, Other"" in the watershed, divided this number by the number of 60-m resolution grid cells in the watershed, then multiplied the quotient by 100.",Simple (Areal) Overlay,TabulateFeaturesToPercent_nact
LAND USE,Dev_Recreation2012,"Developed, recreation - from NWALT -class 24",Watershed,percent,2012,60 meter,U.S. conterminous wall-to-wall anthropogenic land use trends (NWALT),"Falcone, 2015",,"Determined the number of grid cells classified as ""Developed, Recreation"" in the watershed, divided this number by the number of 60-m resolution grid cells in the watershed, then multiplied the quotient by 100.",Simple (Areal) Overlay,TabulateFeaturesToPercent_nact
LAND USE,Dev_ResidHigh2012,"Developed, residential high density - from NWALT -class 25",Watershed,percent,2012,60 meter,U.S. conterminous wall-to-wall anthropogenic land use trends (NWALT),"Falcone, 2015",,"Determined the number of grid cells classified as ""Developed, Residential, High Density"" in the watershed, divided this number by the number of 60-m resolution grid cells in the watershed, then multiplied the quotient by 100.",Simple (Areal) Overlay,TabulateFeaturesToPercent_nact
LAND USE,Dev_ResidLowMed2012,"Developed, residential low-medium density - from NWALT -class 26",Watershed,percent,2012,60 meter,U.S. conterminous wall-to-wall anthropogenic land use trends (NWALT),"Falcone, 2015",,"Determined the number of grid cells classified as ""Developed, Residential, Low-Medium Density"" in the watershed, divided this number by the number of 60-m resolution grid cells in the watershed, then multiplied the quotient by 100.",Simple (Areal) Overlay,TabulateFeaturesToPercent_nact
LAND USE,SemiDev_AnthroOth2012,"Semi-developed, anthropogenic other - from NWALT -class 33",Watershed,percent,2012,60 meter,U.S. conterminous wall-to-wall anthropogenic land use trends (NWALT),"Falcone, 2015",,"Determined the number of grid cells classified as ""Semi-Developed, Anthropogenic Other"" in the watershed, divided this number by the number of 60-m resolution grid cells in the watershed, then multiplied the quotient by 100.",Simple (Areal) Overlay,TabulateFeaturesToPercent_nact
LAND USE,SemiDev_UrbHigh2012,"Semi-developed, urban interface high - from NWALT -class 31",Watershed,percent,2012,60 meter,U.S. conterminous wall-to-wall anthropogenic land use trends (NWALT),"Falcone, 2015",,"Determined the number of grid cells classified as ""Semi-Developed, Urban Interface High"" in the watershed, divided this number by the number of 60-m resolution grid cells in the watershed, then multiplied the quotient by 100.",Simple (Areal) Overlay,TabulateFeaturesToPercent_nact
LAND USE,SemiDev_UrbLowMed2012,"Semi-developed, urban interface low-medium - from NWALT -class 32",Watershed,percent,2012,60 meter,U.S. conterminous wall-to-wall anthropogenic land use trends (NWALT),"Falcone, 2015",,"Determined the number of grid cells classified as ""Semi-Developed, Urban Interface Low-Medium"" in the watershed, divided this number by the number of 60-m resolution grid cells in the watershed, then multiplied the quotient by 100.",Simple (Areal) Overlay,TabulateFeaturesToPercent_nact
LAND USE,Prod_Crops2012,"Production, crops - from NWALT -class 43",Watershed,percent,2012,60 meter,U.S. conterminous wall-to-wall anthropogenic land use trends (NWALT),"Falcone, 2015",,"Determined the number of grid cells classified as ""Production, Crops"" in the watershed, divided this number by the number of 60-m resolution grid cells in the watershed, then multiplied the quotient by 100.",Simple (Areal) Overlay,TabulateFeaturesToPercent_nact
LAND USE,Prod_GrazingPot2012,"Production, grazing potential - from NWALT -class 45",Watershed,percent,2012,60 meter,U.S. conterminous wall-to-wall anthropogenic land use trends (NWALT),"Falcone, 2015",,"Determined the number of grid cells classified as ""Production, Grazing Potential"" in the watershed, divided this number by the number of 60-m resolution grid cells in the watershed, then multiplied the quotient by 100.",Simple (Areal) Overlay,TabulateFeaturesToPercent_nact
LAND USE,Prod_Mining2012,"Production, mining/extraction - from NWALT -class 41",Watershed,percent,2012,60 meter,U.S. conterminous wall-to-wall anthropogenic land use trends (NWALT),"Falcone, 2015",,"Determined the number of grid cells classified as ""Production, Mining/Extraction"" in the watershed, divided this number by the number of 60-m resolution grid cells in the watershed, then multiplied the quotient by 100.",Simple (Areal) Overlay,TabulateFeaturesToPercent_nact
LAND USE,Prod_PastureHay2012,"Production, pasture/hay - from NWALT -class 44",Watershed,percent,2012,60 meter,U.S. conterminous wall-to-wall anthropogenic land use trends (NWALT),"Falcone, 2015",,"Determined the number of grid cells classified as ""Production, Pasture/Hay"" in the watershed, divided this number by the number of 60-m resolution grid cells in the watershed, then multiplied the quotient by 100.",Simple (Areal) Overlay,TabulateFeaturesToPercent_nact
LAND USE,LowUse2012,Low use - from NWALT -class 50,Watershed,percent,2012,60 meter,U.S. conterminous wall-to-wall anthropogenic land use trends (NWALT),"Falcone, 2015",,"Determined the number of grid cells classified as ""Low Use"" in the watershed, divided this number by the number of 60-m resolution grid cells in the watershed, then multiplied the quotient by 100.",Simple (Areal) Overlay,TabulateFeaturesToPercent_nact
LAND USE,VeryLowUse_Conserv2012,"Very low use, conservation - from NWALT -class 60",Watershed,percent,2012,60 meter,U.S. conterminous wall-to-wall anthropogenic land use trends (NWALT),"Falcone, 2015",,"Determined the number of grid cells classified as ""Very Low Use, Conservation"" in the watershed, divided this number by the number of 60-m resolution grid cells in the watershed, then multiplied the quotient by 100.",Simple (Areal) Overlay,TabulateFeaturesToPercent_nact
LAND USE,Water2012,Water - from NWALT -class 11,Watershed,percent,2012,60 meter,U.S. conterminous wall-to-wall anthropogenic land use trends (NWALT),"Falcone, 2015",,"Determined the number of grid cells classified as ""Water"" in the watershed, divided this number by the number of 60-m resolution grid cells in the watershed, then multiplied the quotient by 100.",Simple (Areal) Overlay,TabulateFeaturesToPercent_nact
LAND USE,Wetlands2012,Wetlands - from NWALT -class 12,Watershed,percent,2012,60 meter,U.S. conterminous wall-to-wall anthropogenic land use trends (NWALT),"Falcone, 2015",,"Determined the number of grid cells classified as ""Wetlands"" in the watershed, divided this number by the number of 60-m resolution grid cells in the watershed, then multiplied the quotient by 100.",Simple (Areal) Overlay,TabulateFeaturesToPercent_nact
LAND USE,SumAreaNWALT2012,"Sum of NWALT land area characterized, in square meters",Watershed,square meters,2012,60 meter,GIS calculated,"Falcone, 2015",,Determined by summing the area of all cells in the watershed,n/a,n/a
LAND USE,Dense_Urban,"Sum of Dev_CommServices2012, Dev_IndusMilitary2012, and Dev_MajorTransp2012",Watershed,percent,2012,60 meter,U.S. conterminous wall-to-wall anthropogenic land use trends (NWALT),"Falcone, 2015",,Determined by summing percentages of selected NWALT categories (see VAR_DESC for details),n/a,n/a
LAND USE,Total_Urban,"Sum of Dev_CommServices2012, Dev_IndusMilitary2012, Dev_MajorTransp2012, Dev_Other2012, Dev_Recreation2012, Dev_ResidHigh2012, Dev_ResidLowMed2012, and SemiDev_UrbHigh2012",Watershed,percent,2012,60 meter,U.S. conterminous wall-to-wall anthropogenic land use trends (NWALT),"Falcone, 2015",,Determined by summing percentages of selected NWALT categories (see VAR_DESC for details),n/a,n/a
LAND USE,CSQA_Total_Urban,"Sum of Dev_CommServices2012, Dev_IndusMilitary2012, Dev_MajorTransp2012, Dev_Other2012, Dev_Recreation2012, Dev_ResidHigh2012, and Dev_ResidLowMed2012",Watershed,percent,2012,60 meter,U.S. conterminous wall-to-wall anthropogenic land use trends (NWALT),"Falcone, 2015",,Determined by summing percentages of selected NWALT categories (see VAR_DESC for details),n/a,n/a
LAND USE,Extended_Urban,"Sum of Dev_CommServices2012, Dev_IndusMilitary2012, Dev_MajorTransp2012, Dev_Other2012, Dev_Recreation2012, Dev_ResidHigh2012, Dev_ResidLowMed2012, SemiDev_AnthroOth2012, SemiDev_UrbHigh2012, and SemiDev_UrbLowMed2012",Watershed,percent,2012,60 meter,U.S. conterminous wall-to-wall anthropogenic land use trends (NWALT),"Falcone, 2015",,Determined by summing percentages of selected NWALT categories (see VAR_DESC for details),n/a,n/a
LAND USE,Crops,Prod_Crops2012,Watershed,percent,2012,60 meter,U.S. conterminous wall-to-wall anthropogenic land use trends (NWALT),"Falcone, 2015",,Determined by summing percentages of selected NWALT categories (see VAR_DESC for details),n/a,n/a
LAND USE,Total_Ag,"Sum of Prod_Crops2012, Prod_GrazingPot2012, and Prod_PastureHay2012",Watershed,percent,2012,60 meter,U.S. conterminous wall-to-wall anthropogenic land use trends (NWALT),"Falcone, 2015",,Determined by summing percentages of selected NWALT categories (see VAR_DESC for details),n/a,n/a
LAND USE,Total_Developed,"Sum of Extended_Urban, Total_Ag, and Prod_Mining2012",Watershed,percent,2012,60 meter,U.S. conterminous wall-to-wall anthropogenic land use trends (NWALT),"Falcone, 2015",,Determined by summing percentages of selected NWALT categories (see VAR_DESC for details),n/a,n/a
LAND USE,Total_Low_Use,"Sum of LowUse2012, VeryLowUse_Conserv2012, Water2012, and Wetlands2012",Watershed,percent,2012,60 meter,U.S. conterminous wall-to-wall anthropogenic land use trends (NWALT),"Falcone, 2015",,Determined by summing percentages of selected NWALT categories (see VAR_DESC for details),n/a,n/a
LAND USE,LU_cat,"Final Land Use category, usually LU_cat_calc but occasionally overriden based on Google Earth review; with added ""Hydro"" category for SESQA",Watershed,category,2012,n/a,Regional Stream Quality Assessment (RSQA) Project,"Falcone, 2015",,Calculated using selected NWALT 2012 variables (see metadata Process_Steps for this variable for details),n/a,n/a
LAND USE,Major_LU,Major land-use category,Watershed,category,2012,n/a,Regional Stream Quality Assessment (RSQA) Project,"Falcone, 2015",,Calculated using selected NWALT 2012 variables (see metadata Process_Steps for this variable for details),n/a,n/a
LAND USE,GolfCourseArea,Total area of golf courses,Watershed,square kilometers,2017,n/a,ESRI USA Landmarks,"ESRI, 2019",,Calculated the total area of golf course polygons within each watershed boundary,Simple (Areal) Overlay,TabulateIntersection_analysis
LAND USE,UrbanAge_mean,"Mean year of urban development based on the formula: =IF(UrbanAge_PCT_NonUrban <100,(((2005*UrbanAge_PCT_2010) + (1995* UrbanAge_PCT_2000) + (1985* UrbanAge_PCT_1990) + (1975* UrbanAge_PCT_1980) + (1965* UrbanAge_PCT_1970) + (1955* UrbanAge_PCT_1960) + (1945* UrbanAge_PCT_1950) + (1935* UrbanAge_PCT_1940))/(100- UrbanAge_PCT_NonUrban)),0) ",Watershed,year,1940 to 2010,100 meter,"U.S. national mapping of the year of “first development” for urban areas, 1940-2010","Falcone, 2017a",,Determined the mean age of urbanization based on weighting the percentage of each decade for each watershed and calculating the mean decade of development.,n/a,n/a
LAND USE,UrbanAge_PCT_1940,"Year of ""first development"" of urban land use 1940",Watershed,percent,1940 to 2010,100 meter,"U.S. national mapping of the year of “first development” for urban areas, 1940-2010","Falcone, 2017a",,"Determined the number of cells classified as ""1940"" within each watershed, divided this number by the number of 100-m resolution grid cells in the watershed, then multiplied the quotient by 100.",Simple (Areal) Overlay,TabulateFeaturesToPercent_nact
LAND USE,UrbanAge_PCT_1950,"Year of ""first development"" of urban land use 1950",Watershed,percent,1940 to 2010,100 meter,"U.S. national mapping of the year of “first development” for urban areas, 1940-2010","Falcone, 2017a",,"Determined the number of cells classified as ""1950"" within each watershed, divided this number by the number of 100-m resolution grid cells in the watershed, then multiplied the quotient by 100.",Simple (Areal) Overlay,TabulateFeaturesToPercent_nact
LAND USE,UrbanAge_PCT_1960,"Year of ""first development"" of urban land use 1960",Watershed,percent,1940 to 2010,100 meter,"U.S. national mapping of the year of “first development” for urban areas, 1940-2010","Falcone, 2017a",,"Determined the number of cells classified as ""1960"" within each watershed, divided this number by the number of 100-m resolution grid cells in the watershed, then multiplied the quotient by 100.",Simple (Areal) Overlay,TabulateFeaturesToPercent_nact
LAND USE,UrbanAge_PCT_1970,"Year of ""first development"" of urban land use 1970",Watershed,percent,1940 to 2010,100 meter,"U.S. national mapping of the year of “first development” for urban areas, 1940-2010","Falcone, 2017a",,"Determined the number of cells classified as ""1970"" within each watershed, divided this number by the number of 100-m resolution grid cells in the watershed, then multiplied the quotient by 100.",Simple (Areal) Overlay,TabulateFeaturesToPercent_nact
LAND USE,UrbanAge_PCT_1980,"Year of ""first development"" of urban land use 1980",Watershed,percent,1940 to 2010,100 meter,"U.S. national mapping of the year of “first development” for urban areas, 1940-2010","Falcone, 2017a",,"Determined the number of cells classified as ""1980"" within each watershed, divided this number by the number of 100-m resolution grid cells in the watershed, then multiplied the quotient by 100.",Simple (Areal) Overlay,TabulateFeaturesToPercent_nact
LAND USE,UrbanAge_PCT_1990,"Year of ""first development"" of urban land use 1990",Watershed,percent,1940 to 2010,100 meter,"U.S. national mapping of the year of “first development” for urban areas, 1940-2010","Falcone, 2017a",,"Determined the number of cells classified as ""1990"" within each watershed, divided this number by the number of 100-m resolution grid cells in the watershed, then multiplied the quotient by 100.",Simple (Areal) Overlay,TabulateFeaturesToPercent_nact
LAND USE,UrbanAge_PCT_2000,"Year of ""first development"" of urban land use 2000",Watershed,percent,1940 to 2010,100 meter,"U.S. national mapping of the year of “first development” for urban areas, 1940-2010","Falcone, 2017a",,"Determined the number of cells classified as ""2000"" within each watershed, divided this number by the number of 100-m resolution grid cells in the watershed, then multiplied the quotient by 100.",Simple (Areal) Overlay,TabulateFeaturesToPercent_nact
LAND USE,UrbanAge_PCT_2010,"Year of ""first development"" of urban land use 2010",Watershed,percent,1940 to 2010,100 meter,"U.S. national mapping of the year of “first development” for urban areas, 1940-2010","Falcone, 2017a",,"Determined the number of cells classified as ""2010"" within each watershed, divided this number by the number of 100-m resolution grid cells in the watershed, then multiplied the quotient by 100.",Simple (Areal) Overlay,TabulateFeaturesToPercent_nact
LAND USE,UrbanAge_PCT_NonUrban,Area not classified as urban as of 2010,Watershed,percent,1940 to 2010,100 meter,"U.S. national mapping of the year of “first development” for urban areas, 1940-2010","Falcone, 2017a",,"Determined the number of cells classified as ""Non Urban"" within each watershed, divided this number by the number of 100-m resolution grid cells in the watershed, then multiplied the quotient by 100.",Simple (Areal) Overlay,TabulateFeaturesToPercent_nact
LAND USE,UrbanAge_SUM_AREA,Sum of urban area for all years developed,Watershed,percent,1940 to 2010,100 meter,"U.S. national mapping of the year of “first development” for urban areas, 1940-2010","Falcone, 2017a",,Determined by summing the area of all cells in the watershed,n/a,n/a
HYDRO,DamDensity2009,"Dam density, from an enhanced version of the 2009 National Inventory of Dams (NID), created in December 2010; number per 100 square kilometers",Watershed,number of dams/100 square kilometers,2009,n/a,"USACE NID (National Inventory of Dams) 2009 (83,000 records) merged with verified/corrected locations for 59,000 from USGS National Map/NHD work","U.S. Army Corps of Engineers, 2010; Falcone, J.A., 2011","Modifications included updated locations of 59,000 or the 83,000 records in the 2009 NID, verified and corrected by the USGS National Map (Falcone, 2011); Readers seeking site specific National Inventory of Dams (NID) information used to support summaries presented in this report should contact the U.S. Army Corps of Engineers (USACE). ","Intersected dam locations with watersheds; determined the total number of dams in the watershed; divided the total by the area of the watershed, then multiplied the quotient by 100.",Simple (Point) Overlay,Intersect_analysis; Frequency_analysis; JoinField_management; AddField_management; CalculateField_management
HYDRO,DamDensity2016,"Dam density, from an enhanced version of the 2009 National Inventory of Dams (NID), created in December 2010 WITH 2013 dams included by James Falcone PLUS 2016 dams added by Sharon Qi.; number per 100 square kilometers",Watershed,number of dams/100 square kilometers,2016,n/a,"Modified from USACE NID (National Inventory of Dams) 2009 (83,000 records) merged with verified/corrected locations for 59,000 from USGS National Map/NHD work.","U.S. Army Corps of Engineers, 2010; Falcone, J.A., 2011","Modifications included updated locations of 59,000 or the 83,000 records in the 2009 NID, verified and corrected by the USGS National Map (Falcone, 2011), verified and corrected by James Falcone and Sharon Qi; Readers seeking site specific National Inventory of Dams (NID) information used to support summaries presented in this report should contact the U.S. Army Corps of Engineers (USACE). ","Intersected dam locations with watersheds; determined the total number of dams in the watershed; divided the total by the area of the watershed, then multiplied the quotient by 100.",Simple (Point) Overlay,TabulateIntersection_analysis
HYDRO,DamMajDensity2009,"Major dam density, 2009; number per 100 square kilometers",Watershed,number of major dams/100 square kilometers,2009,n/a,"USACE NID (National Inventory of Dams) 2009 (83,000 records) merged with verified/corrected locations for 59,000 from USGS National Map/NHD work","U.S. Army Corps of Engineers, 2010; Falcone, J.A., 2011","Modifications included updated locations of 59,000 or the 83,000 records in the 2009 NID, verified and corrected by the USGS National Map (Falcone, 2011); Readers seeking site specific National Inventory of Dams (NID) information used to support summaries presented in this report should contact the U.S. Army Corps of Engineers (USACE). ","Intersected dam locations (identified as ""Major"") with watersheds; determined the total number of dams in the watershed; divided the total by the area of the watershed, then multiplied the quotient by 100.",Simple (Point) Overlay,Intersect_analysis; Frequency_analysis; JoinField_management; AddField_management; CalculateField_management
HYDRO,DamMajDensity2016,"Major dam density, 2009 WITH 2013 dams included by James Falcone PLUS 2016 dams added by Sharon Qi.; number per 100 square kilometers",Watershed,number of major dams/100 square kilometers,2016,n/a,"Modified from USACE NID (National Inventory of Dams) 2009 (83,000 records) merged with verified/corrected locations for 59,000 from USGS National Map/NHD work.","U.S. Army Corps of Engineers, 2010; Falcone, J.A., 2011","Modifications included updated locations of 59,000 or the 83,000 records in the 2009 NID, verified and corrected by the USGS National Map (Falcone, 2011), verified and corrected by James Falcone and Sharon Qi; Readers seeking site specific National Inventory of Dams (NID) information used to support summaries presented in this report should contact the U.S. Army Corps of Engineers (USACE). ","Intersected dam locations (identified as ""Major"") with watersheds; determined the total number of dams in the watershed; divided the total by the area of the watershed, then multiplied the quotient by 100.",Simple (Point) Overlay,TabulateIntersection_analysis
HYDRO,DamNIDstorage2009,"Dam storage (""NID_STORAGE""), from an enhanced version of the 2009 National Inventory of Dams (NID), created in December 2010; megaliters total storage per square kilometers (1 megaliters = 1,000,000 liters = 1,000 cubic meters).",Watershed,megaliters/square kilometers,2009,n/a,"USACE NID (National Inventory of Dams) 2009 (83,000 records) merged with ve","U.S. Army Corps of Engineers, 2010; Falcone, J.A., 2011","Modifications included updated locations of 59,000 or the 83,000 records in the 2009 NID, verified and corrected by the USGS National Map (Falcone, 2011); Readers seeking site specific National Inventory of Dams (NID) information used to support summaries presented in this report should contact the U.S. Army Corps of Engineers (USACE). ","Intersected dam locations with watersheds; determined the total storage (attribute ""NID_STORAGE"" from the National Inventory of Dams Dataset) of dams in the watershed; converted the acre-feet units to megaliters by multiplying by 1.2334818553, then divided the total storage expressed in megaliters by the area of the watershed.",Simple (Point) Overlay,Intersect_analysis; Frequency_analysis; JoinField_management; AddField_management; CalculateField_management
HYDRO,DamNIDstorage2016,"Dam storage (""NID_STORAGE""), from an enhanced version of the 2009 National Inventory of Dams (NID), created in December 2010 WITH 2013 dams included by James Falcone PLUS 2016 dams added by Sharon Qi.; megaliters total storage per square kilometers (1 megaliters = 1,000,000 liters = 1,000 cubic meters). ",Watershed,megaliters/square kilometers,2016,n/a,"Modified from USACE NID (National Inventory of Dams) 2009 (83,000 records) merged with verified/corrected locations for 59,000 from USGS National Map/NHD work.","U.S. Army Corps of Engineers, 2010; Falcone, J.A., 2011","Modifications included updated locations of 59,000 or the 83,000 records in the 2009 NID, verified and corrected by the USGS National Map (Falcone, 2011), verified and corrected by James Falcone and Sharon Qi; Readers seeking site specific National Inventory of Dams (NID) information used to support summaries presented in this report should contact the U.S. Army Corps of Engineers (USACE). ","Intersected dam locations with watersheds; determined the total storage (attribute ""NID_STORAGE"" from the National Inventory of Dams Dataset) of dams in the watershed; converted the acre-feet units to megaliters by multiplying by 1.2334818553, then divided the total storage expressed in megaliters by the area of the watershed.",Simple (Point) Overlay,TabulateIntersection_analysis
HYDRO,DamNORMALstorage2009,"Dam storage (""NORMAL_STORAGE""), from an enhanced version of the 2009 National Inventory of Dams (NID), created in December 2010; megaliters total storage per square kilometers (1 megaliters = 1,000,000 liters = 1,000 cubic meters).",Watershed,megaliters/square kilometers,2009,n/a,"USACE NID (National Inventory of Dams) 2009 (83,000 records) merged with verified/corrected locations for 59,000 from USGS National Map/NHD work","U.S. Army Corps of Engineers, 2010; Falcone, J.A., 2011","Modifications included updated locations of 59,000 or the 83,000 records in the 2009 NID, verified and corrected by the USGS National Map (Falcone, 2011); Readers seeking site specific National Inventory of Dams (NID) information used to support summaries presented in this report should contact the U.S. Army Corps of Engineers (USACE). ","Intersected dam locations with watersheds; determined the total storage (attribute ""NORMAL_STORAGE"" from the National Inventory of Dams Dataset) of dams in the watershed; converted the acre-feet units to megaliters by multiplying by 1.2334818553, then divided the total storage expressed in megaliters by the area of the watershed.",Simple (Point) Overlay,Intersect_analysis; Frequency_analysis; JoinField_management; AddField_management; CalculateField_management
HYDRO,DamNORMALstorage2016,"Dam storage (""NORMAL_STORAGE""), from an enhanced version of the 2009 National Inventory of Dams (NID), created in December 2010 WITH 2013 dams included by James Falcone PLUS 2016 dams added by Sharon Qi.; megaliters total storage per square kilometers (1 megaliters = 1,000,000 liters = 1,000 cubic meters). ",Watershed,megaliters/square kilometers,2016,n/a,"Modified from USACE NID (National Inventory of Dams) 2009 (83,000 records) merged with verified/corrected locations for 59,000 from USGS National Map/NHD work.","U.S. Army Corps of Engineers, 2010; Falcone, J.A., 2011","Modifications included updated locations of 59,000 or the 83,000 records in the 2009 NID, verified and corrected by the USGS National Map (Falcone, 2011), verified and corrected by Sharon Qi; Readers seeking site specific National Inventory of Dams (NID) information used to support summaries presented in this report should contact the U.S. Army Corps of Engineers (USACE). ","Intersected dam locations with watersheds; determined the total storage (attribute ""NORMAL_STORAGE"" from the National Inventory of Dams Dataset) of dams in the watershed; converted the acre-feet units to megaliters by multiplying by 1.2334818553, then divided the total storage expressed in megaliters by the area of the watershed.",Simple (Point) Overlay,TabulateIntersection_analysis
HYDRO,DamNumMajDams2009,"Number of ""major"" dams in watershed, 2009. Major dams defined as being >= 50 feet in height (15m) or having storage >= 5,000 acre-feet (National Atlas definition)",Watershed,Major dams,2009,n/a,"USACE NID (National Inventory of Dams) 2009 (83,000 records) merged with verified/corrected locations for 59,000 from USGS National Map/NHD work","U.S. Army Corps of Engineers, 2010; Falcone, J.A., 2011","Modifications included updated locations of 59,000 or the 83,000 records in the 2009 NID, verified and corrected by the USGS National Map (Falcone, 2011); Readers seeking site specific National Inventory of Dams (NID) information used to support summaries presented in this report should contact the U.S. Army Corps of Engineers (USACE). ","Intersected dam locations (identified as ""Major"") with watersheds; determined the total number of dams in the watershed",Simple (Point) Overlay,TabulateIntersection_analysis
HYDRO,DamNumMajDams2016,"Number of ""major"" dams in watershed, 2009 WITH 2013 dams included by James Falcone PLUS 2016 dams added by Sharon Qi. Major dams defined as being >= 50 feet in height (15m) or having storage >= 5,000 acre feet (National Atlas definition)",Watershed,Major dams,2016,n/a,"Modified from USACE NID (National Inventory of Dams) 2009 (83,000 records) merged with verified/corrected locations for 59,000 from USGS National Map/NHD work.","U.S. Army Corps of Engineers, 2010; Falcone, J.A., 2011","Modifications included updated locations of 59,000 or the 83,000 records in the 2009 NID, verified and corrected by the USGS National Map (Falcone, 2011), verified and corrected by James Falcone and Sharon Qi; Readers seeking site specific National Inventory of Dams (NID) information used to support summaries presented in this report should contact the U.S. Army Corps of Engineers (USACE). ","Intersected dam locations (identified as ""Major"") with watersheds; determined the total number of dams in the watershed",Simple (Point) Overlay,TabulateIntersection_analysis
HYDRO,NumDams2009,"Number of dams, from an enhanced version of the 2009 National Inventory of Dams (NID), created in December 2010",Watershed,dams,2009,n/a,"USACE NID (National Inventory of Dams) 2009 (83,000 records) merged with verified/corrected locations for 59,000 from USGS National Map/NHD work","U.S. Army Corps of Engineers, 2010; Falcone, J.A., 2011","Modifications included updated locations of 59,000 or the 83,000 records in the 2009 NID, verified and corrected by the USGS National Map (Falcone, 2011); Readers seeking site specific National Inventory of Dams (NID) information used to support summaries presented in this report should contact the U.S. Army Corps of Engineers (USACE). ",Intersected dam locations with watersheds; determined the total number of dams in the watershed,Simple (Point) Overlay,TabulateIntersection_analysis
HYDRO,NumDams2016,"Number of dams, from an enhanced version of the 2009 National Inventory of Dams (NID), created in December 2010 WITH 2013 dams included by James Falcone PLUS 2016 dams added by Sharon Qi.",Watershed,dams,2016,n/a,"Modified from USACE NID (National Inventory of Dams) 2009 (83,000 records) merged with verified/corrected locations for 59,000 from USGS National Map/NHD work.","U.S. Army Corps of Engineers, 2010; Falcone, J.A., 2011","Modifications included updated locations of 59,000 or the 83,000 records in the 2009 NID, verified and corrected by the USGS National Map (Falcone, 2011), verified and corrected by James Falcone and Sharon Qi; Readers seeking site specific National Inventory of Dams (NID) information used to support summaries presented in this report should contact the U.S. Army Corps of Engineers (USACE). ",Intersected dam locations with watersheds; determined the total number of dams in the watershed,Simple (Point) Overlay,TabulateIntersection_analysis
HYDRO,BaseFlowIndex,"Base flow index, a ratio of base flow to total streamflow",Watershed,percent,n/a,1 kilometer,Base-flow index grid for the conterminous United States,"Wolock, 2003a",,Determined the mean value of base-flow index grid cells within the watershed.,Simple (Areal) Overlay,FeatureStatisticsToTable_nact
HYDRO,DunneOverlandFlow,"Mean percentage of Dunne overland flow, also known as saturation overland flow in total streamflow, expressed as a percentage and ranging from 0 to 100.",Watershed,percent of total streamflow,n/a,5 kilometer,Base-flow index grid for the conterminous United States,"Wolock, 2003b",,Determined the mean value of the overland flow (calculated using the Dunne method) grid cells within the watershed.,Simple (Areal) Overlay,FeatureStatisticsToTable_nact
HYDRO,HortonOverlandFlow,"Mean percentage of Horton overland flow, also known as infiltration-excess overland flow",Watershed,percent of total streamflow,n/a,5 kilometer,Base-flow index grid for the conterminous United States,"Wolock, 2003c",,Determined the mean value of the overland flow (calculated using the Horton method) grid cells within the watershed.,Simple (Areal) Overlay,FeatureStatisticsToTable_nact
HYDRO,IndexSubsFlowContact,Mean Index of subsurface flow contact time expressed in days (residence time).,Watershed,days,n/a,5 kilometer,STATSGO version 1,"Wolock, 1997",,Determined the mean value of contact time grid cells within the watershed.,Simple (Areal) Overlay,FeatureStatisticsToTable_nact
HYDRO,Runoff2013,"Mean annual runoff for water year 2013 (Oct 1, 2012 to Sept 30, 2013)",Watershed,millimeters / water year,water year 2013,1 kilometer,"USGS WaterWatch, Runoff by Huc8","U.S. Geological Survey, 2013",Data were downloaded for various years corresponding to the time period of each study,Determined the mean value of runoff 2013 grid cells within the watershed.,Simple (Areal) Overlay,FeatureStatisticsToTable_nact
HYDRO,Runoff2014,"Mean annual runoff for water year 2014 (Oct 1, 2013 to Sept 30, 2014)",Watershed,millimeters / water year,water year 2014,1 kilometer,"USGS WaterWatch, Runoff by Huc8","U.S. Geological Survey, 2013",Data were downloaded for various years corresponding to the time period of each study,Determined the mean value of runoff 2014 grid cells within the watershed.,Simple (Areal) Overlay,FeatureStatisticsToTable_nact
HYDRO,Runoff2015,"Mean annual runoff for water year 2015 (Oct 1, 2014 to Sept 30, 2015)",Watershed,millimeters / water year,water year 2015,1 kilometer,"USGS WaterWatch, Runoff by Huc8","U.S. Geological Survey, 2013",Data were downloaded for various years corresponding to the time period of each study,Determined the mean value of runoff 2015 grid cells within the watershed.,Simple (Areal) Overlay,FeatureStatisticsToTable_nact
HYDRO,Runoff2016,"Mean annual runoff for water year 2016 (Oct 1, 2015 to Sept 30, 2016)",Watershed,millimeters / water year,water year 2016,1 kilometer,"USGS WaterWatch, Runoff by Huc8","U.S. Geological Survey, 2013",Data were downloaded for various years corresponding to the time period of each study,Determined the mean value of runoff 2016 grid cells within the watershed.,Simple (Areal) Overlay,FeatureStatisticsToTable_nact
HYDRO,Runoff2017,"Mean annual runoff for water year 2017 (Oct 1, 2016 to Sept 30, 2017)",Watershed,millimeters / water year,water year 2017,1 kilometer,"USGS WaterWatch, Runoff by Huc8","U.S. Geological Survey, 2013",Data were downloaded for various years corresponding to the time period of each study,Determined the mean value of runoff 2017 grid cells within the watershed.,Simple (Areal) Overlay,FeatureStatisticsToTable_nact
HYDRO,Stream_Ephemeral,"Percentage of total streams coded as ""Stream/River: Hydrographic Category = Ephermeral"" (Fcode = 46007)",Watershed,percentage of total streams,n/a,"1:24,000","NHD High Resolution (1:24,000-scale)","U.S. Geological Survey, 2014d",,"Clipped the hydrography to the watershed boundary; added up the lengths of the resulting stream segments with a Fcode = 46007 within the watershed, then divided the total length by the watershed area.",Simple (Linear) Overlay,"Clip_analysis; AddGeometryAttributes_management; JoinField_management; AddField_managment; CalculateField_management (MSQA, SESQA); TabulateIntersection_analysis (NESQA, PNSQA, and CSQA)"
HYDRO,Stream_Intermittent,"Percentage of total streams coded as ""Stream/River: Hydrographic Category = Intermittent"" (Fcode = 46003)",Watershed,percentage of total streams,n/a,"1:24,000","NHD High Resolution (1:24,000-scale)","U.S. Geological Survey, 2014d",,"Clipped the hydrography to the watershed boundary; added up the lengths of the resulting stream segments with a Fcode = 46003 within the watershed, then divided the total length by the watershed area.",Simple (Linear) Overlay,"Clip_analysis; AddGeometryAttributes_management; JoinField_management; AddField_managment; CalculateField_management (MSQA, SESQA); TabulateIntersection_analysis (NESQA, PNSQA, and CSQA)"
HYDRO,Stream_Perennial,"Percentage of total streams coded as ""Stream/River: Hydrographic Category = Perennial"" (Fcode = 46006)",Watershed,percentage of total streams,n/a,"1:24,000","NHD High Resolution (1:24,000-scale)","U.S. Geological Survey, 2014d",,"Clipped the hydrography to the watershed boundary; added up the lengths of the resulting stream segments with a Fcode = 46006 within the watershed, then divided the total length by the watershed area.",Simple (Linear) Overlay,"Clip_analysis; AddGeometryAttributes_management; JoinField_management; AddField_managment; CalculateField_management (MSQA, SESQA); TabulateIntersection_analysis (NESQA, PNSQA, and CSQA)"
HYDRO,Stream_StreamRiver,"Percentage of total streams coded as ""Stream/River: Hydrographic Category = StreamRiver"" (Fcode = 46000)",Watershed,percentage of total streams,n/a,"1:24,000","NHD High Resolution (1:24,000-scale)","U.S. Geological Survey, 2014d",,"Clipped the hydrography to the watershed boundary; added up the lengths of the resulting stream segments with a Fcode = 46000 within the watershed, then divided the total length by the watershed area.",Simple (Linear) Overlay,"Clip_analysis; AddGeometryAttributes_management; JoinField_management; AddField_managment; CalculateField_management (MSQA, SESQA); TabulateIntersection_analysis (NESQA, PNSQA, and CSQA)"
HYDRO,StreamDensity,Stream Density,Watershed,kilometers/square kilometer watershed area,n/a,"1:24,000","NHD High Resolution (1:24,000-scale)","U.S. Geological Survey, 2014d",,"Clipped the hydrography to the watershed boundary; added up the lengths of the resulting stream segments within the watershed, then divided the total length by the watershed area.",Simple (Linear) Overlay,Clip_analysis; AddGeometryAttributes_management; JoinField_management; AddField_managment; CalculateField_management
HYDRO,TopogWetnessIndex,"Mean Topographic wetness index, ln(a/S); where ""ln"" is the natural log, ""a"" is the upslope area per unit contour length and ""S"" is the slope at that point",Watershed,natural log,n/a,1 kilometer,TOPMODEL (watershed model),"Wolock and McCabe, 1995",,Determined the mean value of topographic wetness index grid cells within the watershed.,Simple (Areal) Overlay,FeatureStatisticsToTable_nact
NUTRIENTS,N_AtmosphDepos2013,"Mean atmospheric (wet) deposition of total inorganic nitrogen from nitrate, 2013",Watershed,kilograms/hectare,2013,approximately 2 kilometer,"National Atmospheric Deposition Program, National Trends Network dataset","NADP, 2017",Data were downloaded for various years corresponding to the time period of each study,Determined the mean value of grid cells within the watershed for 2013 data.,Simple (Areal) Overlay,FeatureStatisticsToTable_nact
NUTRIENTS,N_AtmosphDepos2014,"Mean atmospheric (wet) deposition of total inorganic nitrogen from nitrate, 2014",Watershed,kilograms/hectare,2014,approximately 2 kilometer,"National Atmospheric Deposition Program, National Trends Network dataset","NADP, 2017",Data were downloaded for various years corresponding to the time period of each study,Determined the mean value of grid cells within the watershed for 2014 data.,Simple (Areal) Overlay,FeatureStatisticsToTable_nact
NUTRIENTS,N_AtmosphDepos2015,"Mean atmospheric (wet) deposition of total inorganic nitrogen from nitrate, 2015",Watershed,kilograms/hectare,2015,approximately 2 kilometer,"National Atmospheric Deposition Program, National Trends Network dataset","NADP, 2017",Data were downloaded for various years corresponding to the time period of each study,Determined the mean value of grid cells within the watershed for 2015 data.,Simple (Areal) Overlay,FeatureStatisticsToTable_nact
NUTRIENTS,N_AtmosphDepos2016,"Mean atmospheric (wet) deposition of total inorganic nitrogen from nitrate, 2016",Watershed,kilograms/hectare,2016,approximately 2 kilometer,"National Atmospheric Deposition Program, National Trends Network dataset","NADP, 2017",Data were downloaded for various years corresponding to the time period of each study,Determined the mean value of grid cells within the watershed for 2016 data.,Simple (Areal) Overlay,FeatureStatisticsToTable_nact
NUTRIENTS,N_AtmosphDepos2017,"Mean atmospheric (wet) deposition of total inorganic nitrogen from nitrate, 2017",Watershed,kilograms/hectare,2017,approximately 2 kilometer,"National Atmospheric Deposition Program, National Trends Network dataset","NADP, 2017",Data were downloaded for various years corresponding to the time period of each study,Determined the mean value of grid cells within the watershed for 2017 data.,Simple (Areal) Overlay,FeatureStatisticsToTable_nact
NUTRIENTS,N_FertFarm2012,Estimated 2012 nitrogen input from farm fertilizer from agricultural land,Watershed,kilograms,2012,approximately 2 kilometer,"County-Level Estimates of Nitrogen and Phosphorus from Commercial Fertilizer, 1987-2012","Brakebill and Gronberg, 2017",,"County farm fertilizer was apportioned (area-weighted by the portion that intersected with the watershed) to mapped land classified as cultivated crops or pasture/hay from the National Land Cover Database 2011 (This land-cover-weighted areal interpolation method is described in Nakagaki and others, 2013).",Land-Cover-Weighted Areal Interpolation,FeatureWeightsToTable_nact; PartialAreaWeights_nact; CalculateWeightedStatistics_nact
NUTRIENTS,N_FertNonFarm2012,Estimated 2012 nitrogen input from non-farm fertilizer from urban land,Watershed,kilograms,2012,approximately 2 kilometer,"County-Level Estimates of Nitrogen and Phosphorus from Commercial Fertilizer, 1987-2012","Brakebill and Gronberg, 2017",,"County non-farm fertilizer was apportioned (area-weighted by the portion that intersected with the watershed) to mapped land classified as developed from the National Land Cover Database 2011 (This land-cover-weighted areal interpolation method is described in Nakagaki and others, 2013).",Land-Cover-Weighted Areal Interpolation,FeatureWeightsToTable_nact; PartialAreaWeights_nact; CalculateWeightedStatistics_nact
NUTRIENTS,N_Manure2012,Estimated 2012 nitrogen input from manure from agricultural land,Watershed,kilograms,2012,approximately 2 kilometer,County-level estimates of nitrogen and phosphorus from animal manure,"Gronberg and Arnold, 2017",,"County manure was apportioned (area-weighted by the portion that intersected with the watershed) to mapped land classified as cultivated crops or pasture/hay from the National Land Cover Database 2011 (This land-cover-weighted areal interpolation method is described in Nakagaki and others, 2013).",Land-Cover-Weighted Areal Interpolation,FeatureWeightsToTable_nact; PartialAreaWeights_nact; CalculateWeightedStatistics_nact
NUTRIENTS,N_Wastewater1992,"Estimated total nitrogen load in permitted wastewater discharge, 1992",Watershed,kilograms,1992,n/a,USEPA NPDES (National Pollutant Discharge Elimination System),"Maupin and Ivahnenko, 2011; Robertson and Saad, 2013",,Intersected facility locations with watersheds; determined the total nitrogen load in the wastewater in the watershed; divided the total by the area of the watershed.,Simple (Point) Overlay,Intersect_analysis; Frequency_analysis
NUTRIENTS,N_Wastewater1997,"Estimated total nitrogen load in permitted wastewater discharge, 1997",Watershed,kilograms,1997,n/a,USEPA NPDES (National Pollutant Discharge Elimination System),"Maupin and Ivahnenko, 2011; Robertson and Saad, 2013",,Intersected facility locations with watersheds; determined the total nitrogen load in the wastewater in the watershed; divided the total by the area of the watershed.,Simple (Point) Overlay,Intersect_analysis; Frequency_analysis
NUTRIENTS,N_Wastewater2002,"Estimated total nitrogen load in permitted wastewater discharge, 2002",Watershed,kilograms,2002,n/a,USEPA NPDES (National Pollutant Discharge Elimination System),"Maupin and Ivahnenko, 2011; Robertson and Saad, 2013",,Intersected facility locations with watersheds; determined the total nitrogen load in the wastewater in the watershed; divided the total by the area of the watershed.,Simple (Point) Overlay,Intersect_analysis; Frequency_analysis
NUTRIENTS,N_NPDES_2012,Estimated total nitrogen load in 2012 (includes ALL major facilities and only minor waste-water treatment facilities),Watershed,kilograms,2012,n/a,USEPA NPDES (National Pollutant Discharge Elimination System),"Skinner and Wise, 2019",,Intersected facility locations with watersheds; determined the total nitrogen load from all facilities in the watershed; divided the total by the area of the watershed.,Simple (Point) Overlay,TabulateIntersection_analysis
NUTRIENTS,NumFacilities2012,Number of permitted facilities in 2012 (includes ALL major facilities and only minor waste-water treatment facilities),Watershed,facilities,2012,n/a,USEPA NPDES (National Pollutant Discharge Elimination System),"Skinner and Wise, 2019",,Intersected NPDES facility locations with watersheds; determined the total number of facilities in the watershed,Simple (Point) Overlay,TabulateIntersection_analysis
NUTRIENTS,NumMajorFacilities2012,"Number of permitted facilities considered a ""major"" producer, 2012 (includes ALL major facilities and only minor waste-water treatment facilities)",Watershed,Major facilities,2012,n/a,USEPA NPDES (National Pollutant Discharge Elimination System),"Skinner and Wise, 2019",,"Intersected NPDES facility (identified as ""Major"") locations with watersheds; determined the total number of facilities in the watershed",Simple (Point) Overlay,TabulateIntersection_analysis
NUTRIENTS,P_FertFarm2012,Estimated 2012 phosphorus input from farm fertilizer from agricultural land,Watershed,kilograms,2012,approximately 2 kilometer,"County-Level Estimates of Nitrogen and Phosphorus from Commercial Fertilizer, 1987-2012","Brakebill and Gronberg, 2017",,"County farm fertilizer was apportioned (area-weighted by the portion that intersected with the watershed) to mapped land classified as cultivated crops or pasture/hay from the National Land Cover Database 2011 (This land-cover-weighted areal interpolation method is described in Nakagaki and others, 2013).",Land-Cover-Weighted Areal Interpolation,FeatureWeightsToTable_nact; PartialAreaWeights_nact; CalculateWeightedStatistics_nact
NUTRIENTS,P_FertNonFarm2012,Estimated 2012 phosphorus input from non-farm fertilizer from urban land,Watershed,kilograms,2012,approximately 2 kilometer,"County-Level Estimates of Nitrogen and Phosphorus from Commercial Fertilizer, 1987-2012","Brakebill and Gronberg, 2017",,"County non-farm fertilizer was apportioned (area-weighted by the portion that intersected with the watershed) to mapped land classified as developed from the National Land Cover Database 2011 (This land-cover-weighted areal interpolation method is described in Nakagaki and others, 2013).",Land-Cover-Weighted Areal Interpolation,FeatureWeightsToTable_nact; PartialAreaWeights_nact; CalculateWeightedStatistics_nact
NUTRIENTS,P_Manure2012,Estimated 2012 phosphorus input from manure from agricultural land,Watershed,kilograms,2012,approximately 2 kilometer,County-level estimates of nitrogen and phosphorus from animal manure,"Gronberg and Arnold, 2017",,"County manure was apportioned (area-weighted by the portion that intersected with the watershed) to mapped land classified as cultivated crops or pasture/hay from the National Land Cover Database 2011 (This land-cover-weighted areal interpolation method is described in Nakagaki and others, 2013).",Land-Cover-Weighted Areal Interpolation,FeatureWeightsToTable_nact; PartialAreaWeights_nact; CalculateWeightedStatistics_nact
NUTRIENTS,P_Wastewater1992,"Estimated total phosphorus load in permitted wastewater discharge, 1992",Watershed,kilograms,1992,n/a,USEPA NPDES (National Pollutant Discharge Elimination System),"Maupin and Ivahnenko, 2011; Robertson and Saad, 2013",,Intersected facility locations with watersheds; determined the total phosphorus load in the wastewater in the watershed; divided the total by the area of the watershed.,Simple (Point) Overlay,Intersect_analysis; Frequency_analysis
NUTRIENTS,P_Wastewater1997,"Estimated total phosphorus load in permitted wastewater discharge, 1997",Watershed,kilograms,1997,n/a,USEPA NPDES (National Pollutant Discharge Elimination System),"Maupin and Ivahnenko, 2011; Robertson and Saad, 2013",,Intersected facility locations with watersheds; determined the total phosphorus load in the wastewater in the watershed; divided the total by the area of the watershed.,Simple (Point) Overlay,Intersect_analysis; Frequency_analysis
NUTRIENTS,P_Wastewater2002,"Estimated total phosphorus load in permitted wastewater discharge, 2002",Watershed,kilograms,2002,n/a,USEPA NPDES (National Pollutant Discharge Elimination System),"Maupin and Ivahnenko, 2011; Robertson and Saad, 2013",,Intersected facility locations with watersheds; determined the total phosphorus load in the wastewater in the watershed; divided the total by the area of the watershed.,Simple (Point) Overlay,Intersect_analysis; Frequency_analysis
NUTRIENTS,P_NPDES_2012,Estimated total phosphorus load in 2012 (includes ALL major facilities and only minor waste-water treatment facilities),Watershed,kilograms,2012,n/a,USEPA NPDES (National Pollutant Discharge Elimination System),"Skinner and Wise, 2019",,Intersected facility locations with watersheds; determined the total phosphorus load from all facilities in the watershed; divided the total by the area of the watershed.,Simple (Point) Overlay,TabulateIntersection_analysis
NUTRIENTS,Total_N,Total nitrogen: sum of (N_AtmosphDeposXXXX/.01) + (N_FertFarm2012/BasinGIS_km2) + (N_FertNonFarm2012/BasinGIS_km2) + (N_Manure2012/BasinGIS_km2); where XXXX in the atmospheric deposition term is for the year of sampling,Watershed,kilograms/square kilometers,2012 and year of sampling for atmospheric deposition value,n/a,National Atmospheric Deposition Program; County-Level Estimates of Nitrogen and Phosphorus from Commercial Fertilizer; County-level estimates of nitrogen and phosphorus from animal manure,"NADP, 2017; Brakebill and Gronberg, 2017; Gronberg and Arnold, 2017",,Sum of total nitrogen for farm/non-farm/ and manure sources (see VAR_DESC for details),n/a,n/a
NUTRIENTS,Total_P,Total phosphorus: sum of (P_FertFarm2012/BasinGIS_km2) + (P_FertNonFarm2012/BasinGIS_km2) + (P_Manure2012/BasinGIS_km2),Watershed,kilograms/square kilometers,2012,n/a,County-Level Estimates of Nitrogen and Phosphorus from Commercial Fertilizer; County-level estimates of nitrogen and phosphorus from animal manure,"Brakebill and Gronberg, 2017; Gronberg and Arnold, 2017",,Sum of total phosphorus for farm/non-farm/ and manure sources (see VAR_DESC for details),n/a,n/a
POP_INFRASTR,AdjHouseIncome_mean,Mean cost-of-living adjusted household income,Watershed,thousands of dollars/year,2013 to 2014,200 meter,Conterminous U.S. mapping of household income at the block group scale adjusted for cost-of-living for the period 2013-2014,"Falcone, 2017b ",,Determined the mean value of adjusted household income grid cells within the watershed.,Simple (Areal) Overlay,FeatureStatisticsToTable_nact
POP_INFRASTR,HousingDensity2000,"Mean housing unit density, 2000",Watershed,housing units per square kilometer,2000,"60-meter raster from 1:100,000 vector","<YEAR> housing density and polygons of block-group boundaries (U.S. Census Bureau, 2012) compiled by Geolytics, Inc.","Falcone, 2018",,The values of the housing density grid cells within the watershed were averaged to determine the mean housing density.,Simple (Areal) Overlay,FeatureStatisticsToTable_nact
POP_INFRASTR,HousingDensity2010,"Mean housing unit density, 2010",Watershed,housing units per square kilometer,2010,"60-meter raster from 1:100,000 vector","<YEAR> housing density and polygons of block-group boundaries (U.S. Census Bureau, 2012) compiled by Geolytics, Inc.","Falcone, 2018",,The values of the housing density grid cells within the watershed were averaged to determine the mean housing density.,Simple (Areal) Overlay,FeatureStatisticsToTable_nact
POP_INFRASTR,PopDensity1990,"Mean population density, 1990",Watershed,people per square kilometer,1990,"60-meter raster from 1:100,000 vector","<YEAR> housing density and polygons of block-group boundaries (U.S. Census Bureau, 2012) compiled by Geolytics, Inc.","Falcone, 2018",,The values of the population density grid cells within the watershed were averaged to determine the mean population density.,Simple (Areal) Overlay,FeatureStatisticsToTable_nact
POP_INFRASTR,PopDensity2000,"Mean population density, 2000",Watershed,people per square kilometer,2000,"60-meter raster from 1:100,000 vector","<YEAR> housing density and polygons of block-group boundaries (U.S. Census Bureau, 2012) compiled by Geolytics, Inc.","Falcone, 2018",,The values of the population density grid cells within the watershed were averaged to determine the mean population density.,Simple (Areal) Overlay,FeatureStatisticsToTable_nact
POP_INFRASTR,PopDensity2010,"Mean population density, 2010",Watershed,people per square kilometer,2010,"60-meter raster from 1:100,000 vector","<YEAR> housing density and polygons of block-group boundaries (U.S. Census Bureau, 2012) compiled by Geolytics, Inc.","Falcone, 2018",,The values of the population density grid cells within the watershed were averaged to determine the mean population density.,Simple (Areal) Overlay,FeatureStatisticsToTable_nact
POP_INFRASTR,RoadDensity2013,"Road density, km of roads per square kilometer of watershed",Watershed,kilometers/square kilometer watershed area,2013,"1:100,000",Census TIGER/Line roads 2013,"U.S. Census Bureau, 2017b",Data were downloaded for various years corresponding to the time period of each study,"After clipping the roads layer to the watershed boundary, the total length of the road segments within the watershed was calculated then divided by the watershed area.",Simple (Linear) Overlay,Clip_analysis; Statistics_analysis; JoinField_management; AddField_management; CalculateField_management; 
POP_INFRASTR,RoadDensity2014,"Road density, km of roads per square kilometer of watershed",Watershed,kilometers/square kilometer watershed area,2014,"1:100,000",Census TIGER/Line roads 2014,"U.S. Census Bureau, 2017b",Data were downloaded for various years corresponding to the time period of each study,"After clipping the roads layer to the watershed boundary, the total length of the road segments within the watershed was calculated then divided by the watershed area.",Simple (Linear) Overlay,Clip_analysis; Statistics_analysis; JoinField_management; AddField_management; CalculateField_management; 
POP_INFRASTR,RoadDensity2015,"Road density, km of roads per square kilometer of watershed",Watershed,kilometers/square kilometer watershed area,2015,"1:100,000",Census TIGER/Line roads 2015,"U.S. Census Bureau, 2017b",Data were downloaded for various years corresponding to the time period of each study,"After clipping the roads layer to the watershed boundary, the total length of the road segments within the watershed was calculated then divided by the watershed area.",Simple (Linear) Overlay,Clip_analysis; Statistics_analysis; JoinField_management; AddField_management; CalculateField_management; 
POP_INFRASTR,RoadDensity2016,"Road density, km of roads per square kilometer of watershed",Watershed,kilometers/square kilometer watershed area,2016,"1:100,000",Census TIGER/Line roads 2016,"U.S. Census Bureau, 2017b",Data were downloaded for various years corresponding to the time period of each study,"After clipping the roads layer to the watershed boundary, the total length of the road segments within the watershed was calculated then divided by the watershed area.",Simple (Linear) Overlay,Clip_analysis; Statistics_analysis; JoinField_management; AddField_management; CalculateField_management; 
POP_INFRASTR,RoadDensity2017,"Road density, km of roads per square kilometer of watershed",Watershed,kilometers/square kilometer watershed area,2017,"1:100,000",Census TIGER/Line roads 2017,"U.S. Census Bureau, 2017b",Data were downloaded for various years corresponding to the time period of each study,"After clipping the roads layer to the watershed boundary, the total length of the road segments within the watershed was calculated then divided by the watershed area.",Simple (Linear) Overlay,Clip_analysis; Statistics_analysis; JoinField_management; AddField_management; CalculateField_management; 
SOILS,DepthToWaterTable,"Mean depth to water table, in feet",Watershed,feet,n/a,1 kilometer,STATSGO version 1,"Wolock, 1997",,Determined the mean value of the mean weighted depth to water grid cell values within the watershed.,Simple (Areal) Overlay,FeatureStatisticsToTable_nact
SOILS,AvailWaterCapacity,"Mean available water capacity, inches of water per inches of soil depth",Watershed,inches/inch,n/a,1 kilometer,STATSGO version 1,"Wolock, 1997",,Determined the mean value of the mean weighted available water capacity grid cell values within the watershed.,Simple (Areal) Overlay,FeatureStatisticsToTable_nact
SOILS,BulkDensity,"Mean bulk density, grams per cubic centimeter",Watershed,grams per cubic centimeter,n/a,1 kilometer,STATSGO version 1,"Wolock, 1997",,Determined the mean value of the mean weighted bulk density grid cell values within the watershed.,Simple (Areal) Overlay,FeatureStatisticsToTable_nact
SOILS,KfactorUpperHorizon,"Mean Soil Erodibility Factor ""K factor"" of Universal Soil Equation), of upper most soil horizon (includes rock fragments)",Watershed,unitless,1997,1 kilometer,STATSGO version 1,"Wolock, 1997",,Determined the mean value of the mean weighted K-factor of the uppermost horizon grid cell values within the watershed.,Simple (Areal) Overlay,FeatureStatisticsToTable_nact
SOILS,OrganicMatter,"Mean organic matter, in percent by weight",Watershed,percentage by weight,n/a,1 kilometer,STATSGO version 1,"Wolock, 1997",,Determined the mean value of the mean weighted organic matter grid cell values within the watershed.,Simple (Areal) Overlay,FeatureStatisticsToTable_nact
SOILS,Permeability,"Mean permeability, in inches/hour",Watershed,inches/hour,n/a,1 kilometer,STATSGO version 1,"Wolock, 1997",,Determined the mean value of the mean weighted permeability grid cell values within the watershed.,Simple (Areal) Overlay,FeatureStatisticsToTable_nact
SOILS,SandContent,Mean percentage sand content,Watershed,percent,n/a,1 kilometer,STATSGO version 1,"Wolock, 1997",,Determined the mean value of the mean weighted sand content grid cell values within the watershed.,Simple (Areal) Overlay,FeatureStatisticsToTable_nact
SOILS,SiltContent,Mean percentage silt content,Watershed,percent,n/a,1 kilometer,STATSGO version 1,"Wolock, 1997",,Determined the mean value of the mean weighted silt content grid cell values within the watershed.,Simple (Areal) Overlay,FeatureStatisticsToTable_nact
SOILS,ClayContent,Mean percentage clay content,Watershed,percent,n/a,1 kilometer,STATSGO version 1,"Wolock, 1997",,Determined the mean value of the mean weighted clay content grid cell values within the watershed.,Simple (Areal) Overlay,FeatureStatisticsToTable_nact
SOILS,RainfallErosivity,"Mean annual ""rainfall erosivity"" (R of the Universal Soil Loss Equation), for the period 1971-2000",Watershed,hundreds of foot-tons-force inches per hour per acre per year,n/a,.04167 decimal degrees raster,PRISM Climate Group,"Daly and Taylor, 2002",,Determined the mean value of the R-factor grid cell values within the watershed.,Simple (Areal) Overlay,FeatureStatisticsToTable_nact
SOILS,SoilLoss_Afactor,"Mean annual soil loss per unit area (""A""of the Revised Universal Soil Loss Equation)",Watershed,tons/acre/year,n/a,1 kilometer,David M Wolock (USGS),n/a,More information about the RUSLE methodology can be found here: http://www.iwr.msu.edu/rusle/,Determined the mean value of the soil-loss factor grid cell values within the watershed.,Simple (Areal) Overlay,FeatureStatisticsToTable_nact
SOILS,SoilThickness,"Mean soil thickness, in inches",Watershed,inches,n/a,1 kilometer,STATSGO version 1,"Wolock, 1997",,Determined the mean value of the mean weighted clay content grid cell values within the watershed.,Simple (Areal) Overlay,FeatureStatisticsToTable_nact
SOILS,SRL25Agland,"Mean soil restrictive layer in agricultural land only, with a soil depth of 25cm, in percent",Watershed,percent,n/a,1 kilometer,Nakagaki and others,"Nakagaki and others, 2012",,Determined the mean value of the mean weighted depth to bedrock grid cell values within the watershed.,Simple (Areal) Overlay,FeatureStatisticsToTable_nact
TOPO,Elev_MeanWatershed,Mean watershed elevation,Watershed,meters,n/a,30 meter,"National Elevation Dataset, 30-m, included in NHDPlus Version 2","U.S. Environmental Protection Agency and U.S. Geological Survey, 2012",,Determined the mean value of the elevation grid cell values within the watershed.,Simple (Areal) Overlay,FeatureStatisticsToTable_nact
TOPO,Slope,Mean watershed slope,Watershed,percent,n/a,30 meter,"National Elevation Dataset, 30-m, included in NHDPlus Version 2","U.S. Environmental Protection Agency and U.S. Geological Survey, 2012",,"Created a slope raster from the NED elevation raster included in the NHDPlus V2 Dataset, then determined the mean value of the slope grid cell values within the watershed.",Simple (Areal) Overlay,FeatureStatisticsToTable_nact
TOXICS,TRI_NumOfChems2010,Number of chemicals released in 2010 according to the Toxic Release Inventory (TRI) Program database,Watershed,compounds released,2010,n/a,EPA Toxic Release Inventory,"U.S. Department of Health and Human Services, 2010",,Intersected locations of facilities tracked in the Toxic Release Inventory program with watersheds; determined the total number of reported chemicals released from all facilities in the watershed,Simple (Point) Overlay,TabulateIntersection_analysis
TOXICS,TRI_NumOfFacil,Number of facilities within the TRI dataset according to the Toxic Release Inventory (TRI) Program database,Watershed,facilities,2010,n/a,EPA Toxic Release Inventory,"U.S. Department of Health and Human Services, 2010",,Intersected locations of facilities tracked in the Toxic Release Inventory program with watersheds; determined the total number of reported chemicals released from all facilities in the watershed,Simple (Point) Overlay,TabulateIntersection_analysis
TOXICS,TRI_NumOfSuperFund,Number of Superfund sites within the TRI dataset according to the Toxic Release Inventory (TRI) Program database,Watershed,Superfund sites,2010,n/a,EPA Toxic Release Inventory,"U.S. Department of Health and Human Services, 2010",,Intersected locations of superfund sites tracked in the Toxic Release Inventory program with watersheds; determined the total number of sites in the watershed,Simple (Point) Overlay,TabulateIntersection_analysis
TOXICS,TRI_SumLbs2010,Total pounds of all chemicals released in 2010 according to the Toxic Release Inventory (TRI) Program database,Watershed,pounds,2010,n/a,EPA Toxic Release Inventory,"U.S. Department of Health and Human Services, 2010",,Intersected locations of facilities tracked in the Toxic Release Inventory program with watersheds; determined the total amount of reported chemicals released from all facilities in the watershed,Simple (Point) Overlay,TabulateIntersection_analysis
,,,,,,,,,,,,
,,,,,,,,,,,,
